{"cameraMode":{"drawMode":0,"name":"Shaded","section":"Shading Mode"},"sceneLighting":true,"audioPlay":false,"sceneViewState":{"showFog":true,"showMaterialUpdate":false,"showSkybox":true,"showFlares":true,"showImageEffects":true,"showParticleSystems":true},"in2DMode":false,"pivot":{"x":684.0399169921875,"y":288.2530517578125,"z":12.40191650390625},"rotation":{"x":0.02818666398525238,"y":0.0005956655368208885,"z":0.000016705609596101567,"w":-0.9996025562286377},"size":914.380126953125,"orthographic":false}